{"cameraMode":{"drawMode":0,"name":"Shaded","section":"Shading Mode"},"sceneLighting":true,"audioPlay":false,"sceneViewState":{"m_AlwaysRefresh":false,"showFog":true,"showSkybox":true,"showFlares":true,"showImageEffects":true,"showParticleSystems":true,"showVisualEffectGraphs":true,"m_FxEnabled":true},"in2DMode":false,"pivot":{"x":11.644071578979493,"y":-0.9239904880523682,"z":-3.2265336513519289},"rotation":{"x":-0.10178986191749573,"y":-0.6860890984535217,"z":0.09777948260307312,"w":-0.7137749195098877},"size":12.561727523803711,"orthographic":false}