{"cameraMode":{"drawMode":0,"name":"Shaded","section":"Shading Mode"},"sceneLighting":true,"audioPlay":false,"sceneViewState":{"m_AlwaysRefresh":false,"showFog":true,"showSkybox":true,"showFlares":true,"showImageEffects":true,"showParticleSystems":true,"showVisualEffectGraphs":true,"m_FxEnabled":true},"in2DMode":false,"pivot":{"x":20.545616149902345,"y":-16.409271240234376,"z":0.7027960419654846},"rotation":{"x":0.2124609351158142,"y":0.7237744927406311,"z":-0.2539927661418915,"w":0.6053928732872009},"size":29.164382934570314,"orthographic":false}