{"cameraMode":{"drawMode":0,"name":"Shaded","section":"Shading Mode"},"sceneLighting":true,"audioPlay":false,"sceneViewState":{"m_AlwaysRefresh":false,"showFog":true,"showSkybox":true,"showFlares":true,"showImageEffects":true,"showParticleSystems":true,"showVisualEffectGraphs":true,"m_FxEnabled":true},"in2DMode":false,"pivot":{"x":4.115025997161865,"y":-21.901216506958009,"z":49.3441276550293},"rotation":{"x":0.27536284923553469,"y":0.07807760685682297,"z":-0.022441165521740915,"w":0.9579331278800964},"size":30.29529571533203,"orthographic":false}