{"cameraMode":{"drawMode":0,"name":"Shaded","section":"Shading Mode"},"sceneLighting":true,"audioPlay":false,"sceneViewState":{"m_AlwaysRefresh":false,"showFog":true,"showSkybox":true,"showFlares":true,"showImageEffects":true,"showParticleSystems":true,"showVisualEffectGraphs":true,"m_FxEnabled":true},"in2DMode":false,"pivot":{"x":-3.55876088142395,"y":-4.612677097320557,"z":15.820232391357422},"rotation":{"x":-0.23556610941886903,"y":0.17439256608486176,"z":-0.043011199682950976,"w":-0.9551181793212891},"size":13.608617782592774,"orthographic":false}