{"cameraMode":{"drawMode":0,"name":"Shaded","section":"Shading Mode"},"sceneLighting":true,"audioPlay":false,"sceneViewState":{"m_AlwaysRefresh":false,"showFog":true,"showSkybox":true,"showFlares":true,"showImageEffects":true,"showParticleSystems":true,"showVisualEffectGraphs":true,"m_FxEnabled":true},"in2DMode":false,"pivot":{"x":18.37928009033203,"y":-9.809274673461914,"z":19.185583114624025},"rotation":{"x":0.21737094223499299,"y":0.4910638630390167,"z":-0.12801340222358704,"w":0.8338537216186523},"size":13.585776329040528,"orthographic":false}